Order ID,ProductID,Quantity,Order Date
1,101,2,1/15/2023
2,102,1,1/16/2023
3,103,4,1/17/2023
4,104,3,1/18/2023
5,105,5,1/19/2023
6,106,2,1/20/2023
7,107,1,1/21/2023
8,108,3,1/22/2023
9,109,4,1/23/2023
10,110,2,1/24/2023
11,111,5,1/25/2023
12,112,2,1/26/2023
13,113,3,1/27/2023
14,114,1,1/28/2023
15,115,2,1/29/2023
16,116,4,1/30/2023
17,117,3,1/31/2023
18,118,5,2/1/2023
19,119,2,2/2/2023
20,120,1,2/3/2023
21,121,3,2/4/2023
22,122,4,2/5/2023
23,123,5,2/6/2023
24,124,2,2/7/2023
25,125,1,2/8/2023
26,126,3,2/9/2023
27,127,2,2/10/2023
28,128,4,2/11/2023
29,129,5,2/12/2023
30,130,3,2/13/2023
31,131,2,2/14/2023
32,132,1,2/15/2023
33,133,4,2/16/2023
34,134,5,2/17/2023
35,135,3,2/18/2023
36,136,2,2/19/2023
37,137,1,2/20/2023
38,138,4,2/21/2023
39,139,5,2/22/2023
40,140,3,2/23/2023
41,141,2,2/24/2023
42,142,1,2/25/2023
43,143,5,2/26/2023
44,144,3,2/27/2023
45,145,2,2/28/2023
46,146,4,3/1/2023
47,147,3,3/2/2023
48,148,5,3/3/2023
49,149,2,3/4/2023
